UserID,UserCompany,PackageSubscribed,Packages
A2C7DC30-CBD3-4D78-A73E-D3C0166146D6,ABC Pte Ltd,Package 4,4
EA6D1DC5-CFE8-4FE1-B19C-B34E81A83D39,ABC Pte Ltd,Package 4,4
CE17C2A7-4639-4838-8FA9-D1D72AFF30EC,ABC Pte Ltd,Package 4,4
8936EE9C-2E17-4321-AC13-F57CC3B917BC,ABC Pte Ltd,Package 4,4
9DE73477-F382-4E59-B591-6123855AD1AF,ABC Pte Ltd,Package 1,1
AA562CD1-2D99-4270-90F9-59D13B7BDE31,ABC Pte Ltd,Package 2,2
445CDC8E-A17D-4A8C-9BA6-A437DC42B79A,ABC Pte Ltd,Package 1,1
0407F29D-1510-4445-81B5-F2E816FBA9BF,ABC Pte Ltd,Package 2,2
E0436414-21D4-4FA1-8114-8D212F1CEF99,ABC Pte Ltd,Package 4,4
1B9F95A4-4C7C-468E-910A-E9CA0406B06A,ABC Pte Ltd,Package 4,4
33D5F5D5-9BD3-4BF9-99C7-7C2A86EE9052,ABC Pte Ltd,Package 1,1
25742834-6940-4C05-8DA4-4C7E49F0A1C5,ABC Pte Ltd,Package 1,1
95C67488-7D14-48BA-A1BC-0DB84FEE2661,ABC Pte Ltd,Package 2,2
56A81C16-3936-458C-90FC-F6A6449F0155,ABC Pte Ltd,Package 1,1
C9529C09-D668-4D60-A151-3D066B068C0B,ABC Pte Ltd,Package 4,4
A7933844-20CF-4D26-BC96-E159B0E35C41,ABC Pte Ltd,Package 4,4
FAAEF1B2-5040-4487-B448-CBC1B233BA8A,ABC Pte Ltd,Package 1,1
CCA244A9-9C20-419F-A616-0FA87859FEF5,ABC Pte Ltd,Package 4,4
DEBDC00B-EBE1-46A5-8DCE-1E545B8858AA,ABC Pte Ltd,Package 4,4
F91DB42F-391E-401F-AC2E-B62DFAA62A58,ABC Pte Ltd,Package 3,3
0F97EDE8-759A-439A-A3B4-86DF9690A3DD,ABC Pte Ltd,Package 4,4
1F9E153F-2BC7-4193-9CD7-1708DD55F915,ABC Pte Ltd,Package 4,4
005D7E92-24F1-4E1D-A3C3-109D1F4FC1F2,ABC Pte Ltd,Package 4,4
0A4D694E-6B59-4C79-A200-D7EC8884EBEB,ABC Pte Ltd,Package 4,4
5CE2F351-9BD8-470B-BFC3-C3BCECC4967F,XYZ Corporation,Package 4,4
AFBF91A7-93F0-4AE2-91DE-A22885491249,XYZ Corporation,Package 2,2
35CA0C58-2507-4A98-B7D7-7D413DCE0146,XYZ Corporation,Package 4,4
AA124A3E-4971-41D6-8587-DD0638CB40A0,XYZ Corporation,Package 4,4
B4F6E6AD-494C-4729-A79D-0FA4E84820CB,XYZ Corporation,Package 4,4
0926A9F4-4CFE-47D1-B19B-0611218CC322,XYZ Corporation,Package 1,1
266AFE78-2BDE-4DBE-B7E0-DBDD74225E0C,XYZ Corporation,Package 4,4
65B05875-F328-4812-9E18-391EC88ABFDD,XYZ Corporation,Package 4,4
6BE2C6CD-DF55-464B-BC1C-EBA5E5E72CE9,XYZ Corporation,Package 4,4
C9A88C51-76A8-42D2-87E3-1FBF893EDBD2,XYZ Corporation,Package 3,3
A86F0E04-A0D9-42A5-BE2D-11FC88A13FDE,XYZ Corporation,Package 4,4
4FE8C2F6-073B-4F67-A973-657059F59E16,XYZ Corporation,Package 3,3
B898A192-E121-4721-B66B-22EDEA310A34,XYZ Corporation,Package 4,4
13DDC113-A31F-48EE-B46E-E550E406A168,XYZ Corporation,Package 2,2
429D553F-0C89-46CA-9EA6-7F414C8E6080,XYZ Corporation,Package 2,2
52B37A0F-A83B-4A3A-9B3C-5AD53F17C8C3,XYZ Corporation,Package 4,4
FAD93DA1-B6FF-4E11-96E2-C2FB84D28BEC,XYZ Corporation,Package 4,4
98671755-85B0-4A09-855D-BD719F5C277B,XYZ Corporation,Package 4,4
F310BE57-87BD-461C-A42F-38136031D4FC,XYZ Corporation,Package 4,4
BF2206C4-4AAB-4263-AF3F-1389687E383E,XYZ Corporation,Package 2,2
AC675437-3E42-4F4B-9CF6-7D497C1B7AB8,XYZ Corporation,Package 4,4
AA6B824F-B472-4DA1-8D4A-48885673E2E0,XYZ Corporation,Package 4,4
1BB434B6-6B2A-46DD-AAA9-31F66B829A0E,XYZ Corporation,Package 1,1
C3EE0A07-91D3-408B-8905-ED7D7AA16590,XYZ Corporation,Package 1,1
F8668301-CE38-4BBB-A529-FC38100A38A8,XYZ Corporation,Package 2,2
708386FA-D160-492D-BD0D-0B89D9BB30C7,123 Holdings Limited,Package 4,4
A6E069E0-7BC6-4758-A38A-75623855DF65,124 Holdings Limited,Package 2,2
618D1496-F497-4C10-8ABC-EBE66F39851E,125 Holdings Limited,Package 4,4
3011F232-EC18-44EC-9E6E-051A4885917C,126 Holdings Limited,Package 2,2
2206D49B-D3CD-4733-840F-600BFF0BA8E0,127 Holdings Limited,Package 4,4
796EE735-E6C7-4773-B754-4C32A1F593D1,128 Holdings Limited,Package 1,1
F3334023-A9E9-48E0-8937-C81913B2890D,129 Holdings Limited,Package 4,4
5DA65677-0F92-4EF0-84C1-F3D637AC2E8D,130 Holdings Limited,Package 3,3
34094752-9BDA-4D2D-A9AC-B939430E2A94,131 Holdings Limited,Package 4,4
B59745D7-E4C7-4B93-9275-784AF70382FA,132 Holdings Limited,Package 4,4
CF72F76C-FDE7-40DE-AF3C-ED1ED443F598,133 Holdings Limited,Package 1,1
0E3166C7-2936-4653-8FA5-7564B71DBCD0,134 Holdings Limited,Package 1,1
52C80F9E-4F71-473B-BEBA-9AB6EA7D6BB8,135 Holdings Limited,Package 4,4
AB733E69-92CF-4E16-8D3F-89AC7323FA24,136 Holdings Limited,Package 4,4
2B69E5A6-04F1-44EB-9352-D462AF6A255B,137 Holdings Limited,Package 4,4
1DAA9B9D-49D8-446A-B89A-D63C3F304BA5,138 Holdings Limited,Package 3,3
4E9E85C0-3539-4C10-9E00-462C9E00F15A,139 Holdings Limited,Package 4,4
FA7592BA-F892-400C-A7E0-465BEA475187,140 Holdings Limited,Package 4,4
56D0843D-E967-4D41-A855-40D79CABBE1E,141 Holdings Limited,Package 2,2
C0F0E70A-AFA7-47E5-BB65-A150E9131152,142 Holdings Limited,Package 3,3
690184BE-3E34-41B2-8328-3EBE064BC806,143 Holdings Limited,Package 3,3
C84F040E-DDB2-4023-8B85-8C1D1EBD5C3C,144 Holdings Limited,Package 4,4
E0E3F3F3-C630-451F-A2E4-9D6F34E64F3B,145 Holdings Limited,Package 4,4
AB70BB9C-9080-4795-B2B5-B0B3F1D838B2,146 Holdings Limited,Package 1,1
DFA47B3F-F759-491B-BDC5-BB07EC847C62,147 Holdings Limited,Package 2,2
71806321-17CB-402B-9E1A-63EF3F011B1B,148 Holdings Limited,Package 2,2
6A367423-87C8-4B1B-BE4D-97827EA29F37,149 Holdings Limited,Package 2,2
70BCA8D3-8B26-403C-96DC-B3D3F1505E2A,150 Holdings Limited,Package 4,4
61022B20-FBEF-4741-A70A-14ECB5A1AF48,151 Holdings Limited,Package 1,1
9816E28A-B42B-4F18-9A4C-556E88BF5F65,152 Holdings Limited,Package 3,3
DC40AF3F-5105-45A9-8080-4DAA104C79A1,153 Holdings Limited,Package 3,3
35D10FA5-C500-4F49-9B4A-60C07AB48390,154 Holdings Limited,Package 4,4
6C29D589-0C84-4E62-8279-86F912634F3A,155 Holdings Limited,Package 1,1
AE09A99C-BA4E-46EB-9440-7716E3B17780,156 Holdings Limited,Package 3,3
03DAFE28-55C2-497F-BEE0-5D50D2C61936,157 Holdings Limited,Package 3,3
B04F6C4D-81E0-4DF4-B131-D89E9B56C8B9,158 Holdings Limited,Package 1,1
70852D89-C2B4-446C-A40C-B9599797A903,159 Holdings Limited,Package 4,4
A8E23DA5-87C9-4787-9DEB-A28096941463,160 Holdings Limited,Package 1,1
CC98980C-6A2E-4735-9549-08301E710781,161 Holdings Limited,Package 4,4
AA0B23B5-F20C-4072-8484-101D6E19497F,162 Holdings Limited,Package 3,3
0AEE9DB3-125C-46A8-98F5-BCCB383F6679,163 Holdings Limited,Package 3,3
83205B71-E84B-44A4-BE6F-04F78354143B,164 Holdings Limited,Package 4,4
F7DFA244-DEB7-49B8-A3D1-662574215425,165 Holdings Limited,Package 4,4
C1B2DE37-ED45-4949-80BB-99CAE36D2818,166 Holdings Limited,Package 4,4
CB61058E-58CC-4A0D-961A-F740DC9AC8C6,167 Holdings Limited,Package 1,1
63032E58-1D56-4278-B151-FE7DD4070B36,168 Holdings Limited,Package 2,2
BE5AD711-3264-4C43-AC02-D5E9ACF22B8D,169 Holdings Limited,Package 1,1
64097279-976A-4E2E-85B2-3901CD0676F0,170 Holdings Limited,Package 4,4
8D22B247-1534-4119-8AE4-14CA247F847C,171 Holdings Limited,Package 1,1
333EC10C-25FF-45C1-8F9B-6D40D975A78C,172 Holdings Limited,Package 3,3
15CE1998-AE2B-4EAE-AF6F-45E24D685441,173 Holdings Limited,Package 3,3
966C600C-E0F5-48A6-ABCE-E06CF31B73CB,174 Holdings Limited,Package 4,4
81B512D0-D600-4DC7-A2B1-6ECDF6CDB56E,175 Holdings Limited,Package 3,3
64C78DCB-2E11-4556-815C-9651E88DC3C2,176 Holdings Limited,Package 1,1
8359FA85-F29E-493C-92BB-131CFC09371E,177 Holdings Limited,Package 4,4
63444516-BD6B-4A72-BD18-93F44B212834,178 Holdings Limited,Package 4,4
D9469E1B-4A5A-4A36-B580-B806D24E50D8,179 Holdings Limited,Package 4,4
5C1D334D-0AFB-4BEF-BFF2-5DBFC3FD4687,180 Holdings Limited,Package 4,4
E5ADD5B9-6CC4-434B-BCD3-84A9C7362850,181 Holdings Limited,Package 3,3
BCEC8405-CD7C-4EE4-80DC-90D553BA11B8,182 Holdings Limited,Package 4,4
CDE9D16B-E111-470B-9785-485C6739757F,183 Holdings Limited,Package 2,2
1EFC4E12-A28B-431D-B984-06A68D161B38,184 Holdings Limited,Package 2,2
C94A909E-4781-4268-A7C2-88A16466C11E,185 Holdings Limited,Package 2,2
E3E08CE5-0FB0-4F5C-8992-EC46E1D215CE,186 Holdings Limited,Package 4,4
C2D21BBB-5148-4FEF-A520-B5A2DB53EAC1,187 Holdings Limited,Package 4,4
E677F667-9697-48ED-9A19-B1DB0E0731E3,188 Holdings Limited,Package 2,2
